from,choice,to
d1_start,d1_start_1,d2_c
d1_start,d1_start_2,d2_h
d1_start,d1_start_3,d2_w
d1_start,d1_start_4,d2_v
d2_c,d2_c_1,d3_c_oath
d2_c,d2_c_2,d3_c_ledger
d2_c,d2_c_3,d3_c_revolt
d2_c,d2_c_4,d3_c_guard
d2_h,d2_h_1,d3_h_oath
d2_h,d2_h_2,d3_h_ledger
d2_h,d2_h_3,d3_h_revolt
d2_h,d2_h_4,d3_h_guard
d2_w,d2_w_1,d3_w_oath
d2_w,d2_w_2,d3_w_ledger
d2_w,d2_w_3,d3_w_revolt
d2_w,d2_w_4,d3_w_guard
d2_v,d2_v_1,d3_v_oath
d2_v,d2_v_2,d3_v_ledger
d2_v,d2_v_3,d3_v_revolt
d2_v,d2_v_4,d3_v_guard
d3_c_oath,d3_c_oath_1,d4_c_oath
d3_c_oath,d3_c_oath_2,d4_h_ledger
d3_c_oath,d3_c_oath_3,d4_c_revolt
d3_c_oath,d3_c_oath_4,d4_v_ledger
d3_c_ledger,d3_c_ledger_1,d4_c_revolt
d3_c_ledger,d3_c_ledger_2,d4_h_ledger
d3_c_ledger,d3_c_ledger_3,d4_c_oath
d3_c_ledger,d3_c_ledger_4,d4_h_guard
d3_c_revolt,d3_c_revolt_1,d4_h_oath
d3_c_revolt,d3_c_revolt_2,d4_c_revolt
d3_c_revolt,d3_c_revolt_3,d4_c_guard
d3_c_revolt,d3_c_revolt_4,d4_c_ledger
d3_c_guard,d3_c_guard_1,d4_h_revolt
d3_c_guard,d3_c_guard_2,d4_c_oath
d3_c_guard,d3_c_guard_3,d4_w_ledger
d3_c_guard,d3_c_guard_4,d4_v_guard
d3_h_oath,d3_h_oath_1,d4_h_oath
d3_h_oath,d3_h_oath_2,d4_h_ledger
d3_h_oath,d3_h_oath_3,d4_h_revolt
d3_h_oath,d3_h_oath_4,d4_w_oath
d3_h_ledger,d3_h_ledger_1,d4_c_ledger
d3_h_ledger,d3_h_ledger_2,d4_w_ledger
d3_h_ledger,d3_h_ledger_3,d4_h_guard
d3_h_ledger,d3_h_ledger_4,d4_h_oath
d3_h_revolt,d3_h_revolt_1,d4_c_ledger
d3_h_revolt,d3_h_revolt_2,d4_h_guard
d3_h_revolt,d3_h_revolt_3,d4_v_revolt
d3_h_revolt,d3_h_revolt_4,d4_w_guard
d3_h_guard,d3_h_guard_1,d4_c_guard
d3_h_guard,d3_h_guard_2,d4_w_ledger
d3_h_guard,d3_h_guard_3,d4_h_guard
d3_h_guard,d3_h_guard_4,d4_v_guard
d3_w_oath,d3_w_oath_1,d4_w_oath
d3_w_oath,d3_w_oath_2,d4_c_guard
d3_w_oath,d3_w_oath_3,d4_w_revolt
d3_w_oath,d3_w_oath_4,d4_c_ledger
d3_w_ledger,d3_w_ledger_1,d4_c_revolt
d3_w_ledger,d3_w_ledger_2,d4_w_guard
d3_w_ledger,d3_w_ledger_3,d4_h_ledger
d3_w_ledger,d3_w_ledger_4,d4_w_oath
d3_w_revolt,d3_w_revolt_1,d4_w_guard
d3_w_revolt,d3_w_revolt_2,d4_c_oath
d3_w_revolt,d3_w_revolt_3,d4_v_oath
d3_w_revolt,d3_w_revolt_4,d4_w_revolt
d3_w_guard,d3_w_guard_1,d4_v_oath
d3_w_guard,d3_w_guard_2,d4_w_guard
d3_w_guard,d3_w_guard_3,d4_w_ledger
d3_w_guard,d3_w_guard_4,d4_w_oath
d3_v_oath,d3_v_oath_1,d4_c_guard
d3_v_oath,d3_v_oath_2,d4_h_revolt
d3_v_oath,d3_v_oath_3,d4_v_ledger
d3_v_oath,d3_v_oath_4,d4_v_oath
d3_v_ledger,d3_v_ledger_1,d4_w_guard
d3_v_ledger,d3_v_ledger_2,d4_c_ledger
d3_v_ledger,d3_v_ledger_3,d4_c_oath
d3_v_ledger,d3_v_ledger_4,d4_v_guard
d3_v_revolt,d3_v_revolt_1,d4_v_oath
d3_v_revolt,d3_v_revolt_2,d4_v_revolt
d3_v_revolt,d3_v_revolt_3,d4_h_guard
d3_v_revolt,d3_v_revolt_4,d4_w_ledger
d3_v_guard,d3_v_guard_1,d4_h_revolt
d3_v_guard,d3_v_guard_2,d4_c_guard
d3_v_guard,d3_v_guard_3,d4_v_oath
d3_v_guard,d3_v_guard_4,d4_w_guard
d4_c_oath,d4_c_oath_1,d5_h_oath
d4_c_oath,d4_c_oath_2,d5_c_ledger
d4_c_oath,d4_c_oath_3,d5_c_revolt
d4_c_oath,d4_c_oath_4,d5_c_guard
d4_c_ledger,d4_c_ledger_1,d5_c_oath
d4_c_ledger,d4_c_ledger_2,d5_h_revolt
d4_c_ledger,d4_c_ledger_3,d5_h_guard
d4_c_ledger,d4_c_ledger_4,d5_w_ledger
d4_c_revolt,d4_c_revolt_1,d5_h_guard
d4_c_revolt,d4_c_revolt_2,d5_c_oath
d4_c_revolt,d4_c_revolt_3,d5_h_ledger
d4_c_revolt,d4_c_revolt_4,d5_v_revolt
d4_c_guard,d4_c_guard_1,d5_v_ledger
d4_c_guard,d4_c_guard_2,d5_h_revolt
d4_c_guard,d4_c_guard_3,d5_c_ledger
d4_c_guard,d4_c_guard_4,d5_w_oath
d4_h_oath,d4_h_oath_1,d5_h_oath
d4_h_oath,d4_h_oath_2,d5_h_revolt
d4_h_oath,d4_h_oath_3,d5_w_ledger
d4_h_oath,d4_h_oath_4,d5_w_oath
d4_h_ledger,d4_h_ledger_1,d5_c_revolt
d4_h_ledger,d4_h_ledger_2,d5_h_revolt
d4_h_ledger,d4_h_ledger_3,d5_w_ledger
d4_h_ledger,d4_h_ledger_4,d5_h_guard
d4_h_revolt,d4_h_revolt_1,d5_h_revolt
d4_h_revolt,d4_h_revolt_2,d5_w_ledger
d4_h_revolt,d4_h_revolt_3,d5_w_oath
d4_h_revolt,d4_h_revolt_4,d5_c_revolt
d4_h_guard,d4_h_guard_1,d5_h_ledger
d4_h_guard,d4_h_guard_2,d5_v_ledger
d4_h_guard,d4_h_guard_3,d5_v_revolt
d4_h_guard,d4_h_guard_4,d5_c_guard
d4_w_oath,d4_w_oath_1,d5_c_guard
d4_w_oath,d4_w_oath_2,d5_w_oath
d4_w_oath,d4_w_oath_3,d5_c_revolt
d4_w_oath,d4_w_oath_4,d5_w_ledger
d4_w_ledger,d4_w_ledger_1,d5_w_guard
d4_w_ledger,d4_w_ledger_2,d5_w_oath
d4_w_ledger,d4_w_ledger_3,d5_v_ledger
d4_w_ledger,d4_w_ledger_4,d5_w_revolt
d4_w_revolt,d4_w_revolt_1,d5_h_revolt
d4_w_revolt,d4_w_revolt_2,d5_w_guard
d4_w_revolt,d4_w_revolt_3,d5_c_guard
d4_w_revolt,d4_w_revolt_4,d5_w_revolt
d4_w_guard,d4_w_guard_1,d5_h_guard
d4_w_guard,d4_w_guard_2,d5_c_ledger
d4_w_guard,d4_w_guard_3,d5_v_guard
d4_w_guard,d4_w_guard_4,d5_w_oath
d4_v_oath,d4_v_oath_1,d5_v_ledger
d4_v_oath,d4_v_oath_2,d5_c_oath
d4_v_oath,d4_v_oath_3,d5_h_guard
d4_v_oath,d4_v_oath_4,d5_v_guard
d4_v_ledger,d4_v_ledger_1,d5_v_ledger
d4_v_ledger,d4_v_ledger_2,d5_v_oath
d4_v_ledger,d4_v_ledger_3,d5_w_ledger
d4_v_ledger,d4_v_ledger_4,d5_h_guard
d4_v_revolt,d4_v_revolt_1,d5_v_revolt
d4_v_revolt,d4_v_revolt_2,d5_c_ledger
d4_v_revolt,d4_v_revolt_3,d5_v_guard
d4_v_revolt,d4_v_revolt_4,d5_h_guard
d4_v_guard,d4_v_guard_1,d5_h_ledger
d4_v_guard,d4_v_guard_2,d5_v_guard
d4_v_guard,d4_v_guard_3,d5_h_revolt
d4_v_guard,d4_v_guard_4,d5_w_oath
d5_c_oath,d5_c_oath_1,d6_h_oath
d5_c_oath,d5_c_oath_2,d6_c_ledger
d5_c_oath,d5_c_oath_3,d6_w_oath
d5_c_oath,d5_c_oath_4,d6_v_oath
d5_c_ledger,d5_c_ledger_1,d6_c_oath
d5_c_ledger,d5_c_ledger_2,d6_v_ledger
d5_c_ledger,d5_c_ledger_3,d6_w_oath
d5_c_ledger,d5_c_ledger_4,d6_c_revolt
d5_c_revolt,d5_c_revolt_1,d6_c_ledger
d5_c_revolt,d5_c_revolt_2,d6_c_oath
d5_c_revolt,d5_c_revolt_3,d6_v_oath
d5_c_revolt,d5_c_revolt_4,d6_h_guard
d5_c_guard,d5_c_guard_1,d6_h_ledger
d5_c_guard,d5_c_guard_2,d6_c_guard
d5_c_guard,d5_c_guard_3,d6_v_revolt
d5_c_guard,d5_c_guard_4,d6_w_guard
d5_h_oath,d5_h_oath_1,d6_h_oath
d5_h_oath,d5_h_oath_2,d6_h_ledger
d5_h_oath,d5_h_oath_3,d6_h_revolt
d5_h_oath,d5_h_oath_4,d6_w_oath
d5_h_ledger,d5_h_ledger_1,d6_w_ledger
d5_h_ledger,d5_h_ledger_2,d6_h_revolt
d5_h_ledger,d5_h_ledger_3,d6_c_oath
d5_h_ledger,d5_h_ledger_4,d6_w_oath
d5_h_revolt,d5_h_revolt_1,d6_h_guard
d5_h_revolt,d5_h_revolt_2,d6_v_oath
d5_h_revolt,d5_h_revolt_3,d6_c_revolt
d5_h_revolt,d5_h_revolt_4,d6_w_guard
d5_h_guard,d5_h_guard_1,d6_h_ledger
d5_h_guard,d5_h_guard_2,d6_v_oath
d5_h_guard,d5_h_guard_3,d6_v_guard
d5_h_guard,d5_h_guard_4,d6_v_ledger
d5_w_oath,d5_w_oath_1,d6_h_oath
d5_w_oath,d5_w_oath_2,d6_w_ledger
d5_w_oath,d5_w_oath_3,d6_w_guard
d5_w_oath,d5_w_oath_4,d6_v_oath
d5_w_ledger,d5_w_ledger_1,d6_w_ledger
d5_w_ledger,d5_w_ledger_2,d6_v_ledger
d5_w_ledger,d5_w_ledger_3,d6_w_guard
d5_w_ledger,d5_w_ledger_4,d6_w_revolt
d5_w_revolt,d5_w_revolt_1,d6_w_revolt
d5_w_revolt,d5_w_revolt_2,d6_c_guard
d5_w_revolt,d5_w_revolt_3,d6_v_oath
d5_w_revolt,d5_w_revolt_4,d6_w_guard
d5_w_guard,d5_w_guard_1,d6_v_ledger
d5_w_guard,d5_w_guard_2,d6_w_oath
d5_w_guard,d5_w_guard_3,d6_v_oath
d5_w_guard,d5_w_guard_4,d6_v_guard
d5_v_oath,d5_v_oath_1,d6_v_oath
d5_v_oath,d5_v_oath_2,d6_v_ledger
d5_v_oath,d5_v_oath_3,d6_v_guard
d5_v_oath,d5_v_oath_4,d6_c_oath
d5_v_ledger,d5_v_ledger_1,d6_v_guard
d5_v_ledger,d5_v_ledger_2,d6_w_ledger
d5_v_ledger,d5_v_ledger_3,d6_v_oath
d5_v_ledger,d5_v_ledger_4,d6_w_guard
d5_v_revolt,d5_v_revolt_1,d6_v_revolt
d5_v_revolt,d5_v_revolt_2,d6_v_oath
d5_v_revolt,d5_v_revolt_3,d6_v_guard
d5_v_revolt,d5_v_revolt_4,d6_c_guard
d5_v_guard,d5_v_guard_1,d6_v_ledger
d5_v_guard,d5_v_guard_2,d6_v_revolt
d5_v_guard,d5_v_guard_3,d6_w_guard
d5_v_guard,d5_v_guard_4,d6_h_guard
d6_c_oath,d6_c_oath_1,d7_h_oath
d6_c_oath,d6_c_oath_2,d7_w_ledger
d6_c_oath,d6_c_oath_3,d7_c_oath
d6_c_oath,d6_c_oath_4,d7_c_guard
d6_c_ledger,d6_c_ledger_1,d7_c_ledger
d6_c_ledger,d6_c_ledger_2,d7_c_oath
d6_c_ledger,d6_c_ledger_3,d7_w_oath
d6_c_ledger,d6_c_ledger_4,d7_v_guard
d6_c_revolt,d6_c_revolt_1,d7_h_ledger
d6_c_revolt,d6_c_revolt_2,d7_c_revolt
d6_c_revolt,d6_c_revolt_3,d7_h_guard
d6_c_revolt,d6_c_revolt_4,d7_c_guard
d6_c_guard,d6_c_guard_1,d7_h_revolt
d6_c_guard,d6_c_guard_2,d7_c_guard
d6_c_guard,d6_c_guard_3,d7_v_oath
d6_c_guard,d6_c_guard_4,d7_v_ledger
d6_h_oath,d6_h_oath_1,d7_h_oath
d6_h_oath,d6_h_oath_2,d7_h_ledger
d6_h_oath,d6_h_oath_3,d7_h_revolt
d6_h_oath,d6_h_oath_4,d7_w_oath
d6_h_ledger,d6_h_ledger_1,d7_h_revolt
d6_h_ledger,d6_h_ledger_2,d7_w_ledger
d6_h_ledger,d6_h_ledger_3,d7_c_oath
d6_h_ledger,d6_h_ledger_4,d7_w_oath
d6_h_revolt,d6_h_revolt_1,d7_w_oath
d6_h_revolt,d6_h_revolt_2,d7_h_guard
d6_h_revolt,d6_h_revolt_3,d7_v_guard
d6_h_revolt,d6_h_revolt_4,d7_h_ledger
d6_h_guard,d6_h_guard_1,d7_h_guard
d6_h_guard,d6_h_guard_2,d7_v_ledger
d6_h_guard,d6_h_guard_3,d7_v_guard
d6_h_guard,d6_h_guard_4,d7_v_oath
d6_w_oath,d6_w_oath_1,d7_w_oath
d6_w_oath,d6_w_oath_2,d7_w_ledger
d6_w_oath,d6_w_oath_3,d7_w_guard
d6_w_oath,d6_w_oath_4,d7_v_oath
d6_w_ledger,d6_w_ledger_1,d7_v_ledger
d6_w_ledger,d6_w_ledger_2,d7_w_oath
d6_w_ledger,d6_w_ledger_3,d7_v_oath
d6_w_ledger,d6_w_ledger_4,d7_w_revolt
d6_w_revolt,d6_w_revolt_1,d7_w_guard
d6_w_revolt,d6_w_revolt_2,d7_w_revolt
d6_w_revolt,d6_w_revolt_3,d7_h_guard
d6_w_revolt,d6_w_revolt_4,d7_c_guard
d6_w_guard,d6_w_guard_1,d7_w_guard
d6_w_guard,d6_w_guard_2,d7_v_ledger
d6_w_guard,d6_w_guard_3,d7_v_guard
d6_w_guard,d6_w_guard_4,d7_w_oath
d6_v_oath,d6_v_oath_1,d7_v_ledger
d6_v_oath,d6_v_oath_2,d7_c_guard
d6_v_oath,d6_v_oath_3,d7_v_guard
d6_v_oath,d6_v_oath_4,d7_c_oath
d6_v_ledger,d6_v_ledger_1,d7_v_ledger
d6_v_ledger,d6_v_ledger_2,d7_v_oath
d6_v_ledger,d6_v_ledger_3,d7_v_guard
d6_v_ledger,d6_v_ledger_4,d7_h_guard
d6_v_revolt,d6_v_revolt_1,d7_v_revolt
d6_v_revolt,d6_v_revolt_2,d7_c_guard
d6_v_revolt,d6_v_revolt_3,d7_v_guard
d6_v_revolt,d6_v_revolt_4,d7_w_ledger
d6_v_guard,d6_v_guard_1,d7_v_guard
d6_v_guard,d6_v_guard_2,d7_c_guard
d6_v_guard,d6_v_guard_3,d7_v_ledger
d6_v_guard,d6_v_guard_4,d7_v_oath
d7_c_oath,d7_c_oath_1,END:king
d7_c_oath,d7_c_oath_2,END:vessel
d7_c_oath,d7_c_oath_3,END:savior
d7_c_oath,d7_c_oath_4,END:hero
d7_c_ledger,d7_c_ledger_1,END:savior
d7_c_ledger,d7_c_ledger_2,END:guardian
d7_c_ledger,d7_c_ledger_3,END:king
d7_c_ledger,d7_c_ledger_4,END:witness
d7_c_revolt,d7_c_revolt_1,END:tyrant
d7_c_revolt,d7_c_revolt_2,END:hero
d7_c_revolt,d7_c_revolt_3,END:witness
d7_c_revolt,d7_c_revolt_4,END:king
d7_c_guard,d7_c_guard_1,END:hero
d7_c_guard,d7_c_guard_2,END:martyr
d7_c_guard,d7_c_guard_3,END:guardian
d7_c_guard,d7_c_guard_4,END:wanderer
d7_h_oath,d7_h_oath_1,END:pontiff
d7_h_oath,d7_h_oath_2,END:vessel
d7_h_oath,d7_h_oath_3,END:savior
d7_h_oath,d7_h_oath_4,END:hero
d7_h_ledger,d7_h_ledger_1,END:godslayer
d7_h_ledger,d7_h_ledger_2,END:witness
d7_h_ledger,d7_h_ledger_3,END:pontiff
d7_h_ledger,d7_h_ledger_4,END:martyr
d7_h_revolt,d7_h_revolt_1,END:vessel
d7_h_revolt,d7_h_revolt_2,END:godslayer
d7_h_revolt,d7_h_revolt_3,END:savior
d7_h_revolt,d7_h_revolt_4,END:witness
d7_h_guard,d7_h_guard_1,END:guardian
d7_h_guard,d7_h_guard_2,END:ferryman
d7_h_guard,d7_h_guard_3,END:martyr
d7_h_guard,d7_h_guard_4,END:ordinary
d7_w_oath,d7_w_oath_1,END:vessel
d7_w_oath,d7_w_oath_2,END:martyr
d7_w_oath,d7_w_oath_3,END:savior
d7_w_oath,d7_w_oath_4,END:guardian
d7_w_ledger,d7_w_ledger_1,END:savior
d7_w_ledger,d7_w_ledger_2,END:godslayer
d7_w_ledger,d7_w_ledger_3,END:martyr
d7_w_ledger,d7_w_ledger_4,END:wanderer
d7_w_revolt,d7_w_revolt_1,END:tyrant
d7_w_revolt,d7_w_revolt_2,END:vessel
d7_w_revolt,d7_w_revolt_3,END:hero
d7_w_revolt,d7_w_revolt_4,END:failed
d7_w_guard,d7_w_guard_1,END:dragonkeeper
d7_w_guard,d7_w_guard_2,END:guardian
d7_w_guard,d7_w_guard_3,END:vessel
d7_w_guard,d7_w_guard_4,END:wanderer
d7_v_oath,d7_v_oath_1,END:savior
d7_v_oath,d7_v_oath_2,END:ordinary
d7_v_oath,d7_v_oath_3,END:king
d7_v_oath,d7_v_oath_4,END:hero
d7_v_ledger,d7_v_ledger_1,END:savior
d7_v_ledger,d7_v_ledger_2,END:ferryman
d7_v_ledger,d7_v_ledger_3,END:martyr
d7_v_ledger,d7_v_ledger_4,END:witness
d7_v_revolt,d7_v_revolt_1,END:ordinary
d7_v_revolt,d7_v_revolt_2,END:exile
d7_v_revolt,d7_v_revolt_3,END:witness
d7_v_revolt,d7_v_revolt_4,END:wanderer
d7_v_guard,d7_v_guard_1,END:ordinary
d7_v_guard,d7_v_guard_2,END:ferryman
d7_v_guard,d7_v_guard_3,END:guardian
d7_v_guard,d7_v_guard_4,END:dragonkeeper
d7_w_oath_sword,d7_w_oath_sword_1,END:vessel
d7_w_oath_sword,d7_w_oath_sword_2,END:godslayer
d7_w_oath_sword,d7_w_oath_sword_3,END:hero
d7_w_oath_sword,d7_w_oath_sword_4,END:martyr
d7_w_guard_dragon_debt,d7_w_guard_dragon_debt_1,END:guardian
d7_w_guard_dragon_debt,d7_w_guard_dragon_debt_2,END:witness
d7_w_guard_dragon_debt,d7_w_guard_dragon_debt_3,END:exile
d7_w_guard_dragon_debt,d7_w_guard_dragon_debt_4,END:vessel
d7_c_oath_judgment,d7_c_oath_judgment_1,END:king
d7_c_oath_judgment,d7_c_oath_judgment_2,END:hero
d7_c_oath_judgment,d7_c_oath_judgment_3,END:witness
d7_c_oath_judgment,d7_c_oath_judgment_4,END:tyrant
d7_h_oath_dissent,d7_h_oath_dissent_1,END:pontiff
d7_h_oath_dissent,d7_h_oath_dissent_2,END:hero
d7_h_oath_dissent,d7_h_oath_dissent_3,END:witness
d7_h_oath_dissent,d7_h_oath_dissent_4,END:vessel